{
  "totalCities": 1370,
  "slugs": [
    "bangkok-thailand",
    "chiang-mai-thailand",
    "canggu-bali-indonesia",
    "lisbon-portugal",
    "kuala-lumpur-malaysia",
    "porto-portugal",
    "florianopolis-brazil",
    "buenos-aires-argentina",
    "melbourne-australia",
    "seoul-south-korea",
    "asuncion-paraguay",
    "aveiro-portugal",
    "timisoara-romania",
    "dubai-united-arab-emirates",
    "ericeira-portugal",
    "coimbra-portugal",
    "weligama-sri-lanka",
    "mexico-city-mexico",
    "madeira-portugal",
    "cape-town-south-africa",
    "tokyo-japan",
    "auckland-new-zealand",
    "naha-okinawa-japan",
    "ploiesti-romania",
    "medellin-colombia",
    "london-united-kingdom",
    "tallinn-estonia",
    "pokhara-nepal",
    "ljubljana-slovenia",
    "barcelona-spain",
    "austin-tx-united-states",
    "warsaw-poland",
    "da-nang-vietnam",
    "rijeka-croatia",
    "cancun-mexico",
    "phuket-thailand",
    "taipei-taiwan",
    "athens-greece",
    "budapest-hungary",
    "singapore-singapore",
    "suva-fiji",
    "tbilisi-georgia",
    "faro-portugal",
    "nis-serbia",
    "curitiba-brazil",
    "recife-brazil",
    "busan-south-korea",
    "wroclaw-poland",
    "adana-turkey",
    "hong-kong-hong-kong",
    "daejeon-south-korea",
    "costa-da-caparica-portugal",
    "novi-sad-serbia",
    "varna-bulgaria",
    "vilnius-lithuania",
    "wellington-new-zealand",
    "christchurch-new-zealand",
    "craiova-romania",
    "nakhon-ratchasima-thailand",
    "burgas-bulgaria",
    "ubud-bali-indonesia",
    "kota-kinabalu-malaysia",
    "dallas-tx-united-states",
    "bariloche-argentina",
    "sofia-bulgaria",
    "playa-del-carmen-mexico",
    "kaohsiung-taiwan",
    "ho-chi-minh-city-vietnam",
    "oranjestad-aruba",
    "goiania-brazil",
    "cuenca-ecuador",
    "split-croatia",
    "penang-malaysia",
    "ko-pha-ngan-thailand",
    "la-union-philippines",
    "munich-germany",
    "kyoto-japan",
    "lublin-poland",
    "azores-portugal",
    "nuremberg-germany",
    "copenhagen-denmark",
    "zadar-croatia",
    "siem-reap-cambodia",
    "matara-sri-lanka",
    "krakow-poland",
    "bucharest-romania",
    "stockholm-sweden",
    "winnipeg-canada",
    "aachen-germany",
    "kutaisi-georgia",
    "patras-greece",
    "tangier-morocco",
    "brasov-romania",
    "krabi-thailand",
    "denver-co-united-states",
    "columbus-oh-united-states",
    "salta-argentina",
    "antigua-guatemala",
    "las-vegas-nv-united-states",
    "cordoba-argentina",
    "cochabamba-bolivia",
    "berlin-germany",
    "zagreb-croatia",
    "muscat-oman",
    "lodz-poland",
    "ko-lanta-thailand",
    "tunis-tunisia",
    "new-york-city-ny-united-states",
    "la-paz-bolivia",
    "santiago-chile",
    "valencia-spain",
    "makassar-indonesia",
    "kingston-jamaica",
    "queretaro-mexico",
    "ogden-ut-united-states",
    "tashkent-uzbekistan",
    "baku-azerbaijan",
    "rio-de-janeiro-brazil",
    "tartu-estonia",
    "tampere-finland",
    "helsinki-finland",
    "jodhpur-india",
    "fes-morocco",
    "agadir-morocco",
    "braga-portugal",
    "chiang-rai-thailand",
    "san-antonio-tx-united-states",
    "sanur-bali-indonesia",
    "osaka-japan",
    "sulaymaniyah-kurdistan",
    "battle-creek-mi-united-states",
    "montevideo-uruguay",
    "vitoria-brazil",
    "karlsruhe-germany",
    "madrid-spain",
    "bengaluru-india",
    "amman-jordan",
    "kathmandu-nepal",
    "alanya-turkey",
    "hanoi-vietnam",
    "amarillo-tx-united-states",
    "ottawa-canada",
    "prague-czechia",
    "medan-sumatra-indonesia",
    "fukuoka-japan",
    "astana-kazakhstan",
    "monterrey-mexico",
    "pittsburgh-pa-united-states",
    "memphis-tn-united-states",
    "honolulu-hawaii-united-states",
    "vina-del-mar-chile",
    "mostar-bosnia",
    "sydney-australia",
    "brisbane-australia",
    "halifax-canada",
    "alexandria-egypt",
    "alicante-spain",
    "denpasar-bali-indonesia",
    "jaipur-india",
    "abuja-nigeria",
    "davao-philippines",
    "cebu-philippines",
    "san-salvador-el-salvador",
    "johannesburg-south-africa",
    "cairns-australia",
    "dubrovnik-croatia",
    "oaxaca-mexico",
    "cluj-romania",
    "tainan-taiwan",
    "grand-rapids-mi-united-states",
    "erie-pa-united-states",
    "montego-bay-jamaica",
    "yerevan-armenia",
    "mendoza-argentina",
    "porto-alegre-brazil",
    "caye-caulker-belize",
    "saskatoon-canada",
    "chongqing-china",
    "yangshuo-china",
    "senggigi-lombok-indonesia",
    "peniche-portugal",
    "des-moines-ia-united-states",
    "cincinnati-oh-united-states",
    "seattle-wa-united-states",
    "manaus-brazil",
    "grenoble-france",
    "rhodes-greece",
    "kobe-japan",
    "galle-sri-lanka",
    "skopje-north-macedonia",
    "ipoh-malaysia",
    "belgrade-serbia",
    "pattaya-thailand",
    "tampa-fl-united-states",
    "oxnard-ca-united-states",
    "buffalo-ny-united-states",
    "hoi-an-vietnam",
    "lusaka-zambia",
    "greeley-co-united-states",
    "brasilia-brazil",
    "nanjing-china",
    "liberia-costa-rica",
    "semarang-indonesia",
    "luang-prabang-laos",
    "queenstown-new-zealand",
    "lima-peru",
    "lahore-pakistan",
    "chattanooga-tn-united-states",
    "guangzhou-china",
    "bucaramanga-colombia",
    "nottingham-united-kingdom",
    "bristol-united-kingdom",
    "gili-air-indonesia",
    "phnom-penh-cambodia",
    "marrakesh-morocco",
    "lagos-portugal",
    "gaziantep-turkey",
    "chicago-il-united-states",
    "providence-ri-united-states",
    "fresno-ca-united-states",
    "kitchener-canada",
    "lake-balaton-hungary",
    "uluwatu-bali-indonesia",
    "vadodara-india",
    "nagpur-india",
    "port-harcourt-nigeria",
    "antalya-turkey",
    "boise-id-united-states",
    "bend-or-united-states",
    "ghent-belgium",
    "sao-paulo-brazil",
    "hangzhou-china",
    "shanghai-china",
    "bogota-colombia",
    "willemstad-curacao",
    "frankfurt-germany",
    "cabarete-dominican-republic",
    "bar-montenegro",
    "makati-philippines",
    "bratislava-slovakia",
    "istanbul-turkey",
    "oklahoma-city-ok-united-states",
    "sharjah-united-arab-emirates",
    "plovdiv-bulgaria",
    "belo-horizonte-brazil",
    "puerto-viejo-costa-rica",
    "bremen-germany",
    "rennes-france",
    "seminyak-bali-indonesia",
    "nashik-india",
    "pisa-italy",
    "hiroshima-japan",
    "the-hague-netherlands",
    "san-juan-puerto-rico",
    "kosice-slovakia",
    "portland-or-united-states",
    "montreal-canada",
    "handan-china",
    "baoding-china",
    "liverpool-united-kingdom",
    "chachapoyas-peru",
    "bursa-turkey",
    "new-orleans-la-united-states",
    "virginia-beach-va-united-states",
    "salzburg-austria",
    "nanaimo-canada",
    "fuerteventura-canary-islands-spain",
    "cannes-france",
    "nice-france",
    "oxford-united-kingdom",
    "thessaloniki-greece",
    "reykjavik-iceland",
    "bishkek-kyrgyzstan",
    "torreon-mexico",
    "leiden-netherlands",
    "utrecht-netherlands",
    "poznan-poland",
    "portimao-portugal",
    "nashville-tn-united-states",
    "colorado-springs-co-united-states",
    "louisville-ky-united-states",
    "durban-south-africa",
    "newport-beach-ca-united-states",
    "st-george-ut-united-states",
    "siargao-philippines",
    "vienna-austria",
    "datong-china",
    "santo-domingo-dominican-republic",
    "lille-france",
    "leeds-united-kingdom",
    "newcastle-upon-tyne-united-kingdom",
    "norwich-united-kingdom",
    "santorini-greece",
    "mcleod-ganj-india",
    "patna-india",
    "padova-italy",
    "okinawa-city-okinawa-japan",
    "almaty-kazakhstan",
    "bellingham-wa-united-states",
    "batumi-georgia",
    "perth-australia",
    "quebec-city-canada",
    "erlangen-germany",
    "gran-canaria-canary-islands-spain",
    "catania-italy",
    "groningen-netherlands",
    "oakland-ca-united-states",
    "dayton-oh-united-states",
    "redding-ca-united-states",
    "toledo-oh-united-states",
    "vang-vieng-laos",
    "paphos-cyprus",
    "leipzig-germany",
    "galapagos-islands-ecuador",
    "jeju-island-south-korea",
    "puebla-mexico",
    "amsterdam-netherlands",
    "islamabad-pakistan",
    "ko-samui-thailand",
    "tucson-az-united-states",
    "santa-rosa-ca-united-states",
    "jundiai-brazil",
    "gaborone-botswana",
    "zurich-switzerland",
    "ningbo-china",
    "mallorca-spain",
    "bournemouth-united-kingdom",
    "visakhapatnam-india",
    "sargodha-pakistan",
    "riyadh-saudi-arabia",
    "boulder-co-united-states",
    "san-francisco-ca-united-states",
    "reno-nv-united-states",
    "asheville-nc-united-states",
    "bruges-belgium",
    "salento-colombia",
    "cadiz-spain",
    "aurangabad-india",
    "manila-philippines",
    "bodrum-turkey",
    "miami-fl-united-states",
    "palo-alto-ca-united-states",
    "minneapolis-mn-united-states",
    "montgomery-al-united-states",
    "toronto-canada",
    "vancouver-canada",
    "haikou-china",
    "darmstadt-germany",
    "hannover-germany",
    "el-gouna-egypt",
    "rethymno-greece",
    "kochi-india",
    "kolkata-india",
    "santa-barbara-ca-united-states",
    "atlanta-ga-united-states",
    "phu-quoc-vietnam",
    "heidelberg-germany",
    "jarabacoa-dominican-republic",
    "tenerife-canary-islands-spain",
    "strasbourg-france",
    "mykonos-greece",
    "hagatna-guam",
    "port-louis-mauritius",
    "palawan-philippines",
    "pai-thailand",
    "los-angeles-ca-united-states",
    "punta-del-este-uruguay",
    "coeur-dalene-id-united-states",
    "fort-collins-co-united-states",
    "lausanne-switzerland",
    "a-coruna-spain",
    "sheffield-united-kingdom",
    "manchester-united-kingdom",
    "pristina-kosovo",
    "basel-switzerland",
    "cemagi-bali-indonesia",
    "mumbai-india",
    "hyderabad-india",
    "chennai-india",
    "venice-italy",
    "arnhem-netherlands",
    "san-diego-ca-united-states",
    "phoenix-az-united-states",
    "hartford-ct-united-states",
    "montanita-ecuador",
    "gold-coast-australia",
    "santa-marta-colombia",
    "annecy-france",
    "edinburgh-united-kingdom",
    "goa-india",
    "rishikesh-india",
    "panama-city-panama",
    "szczecin-poland",
    "gdansk-poland",
    "gothenburg-sweden",
    "santa-fe-nm-united-states",
    "tirana-albania",
    "bansko-bulgaria",
    "natal-brazil",
    "thimphu-bhutan",
    "windsor-canada",
    "brno-czechia",
    "luton-united-kingdom",
    "cardiff-united-kingdom",
    "bocas-del-toro-panama",
    "paramaribo-suriname",
    "manchester-nh-united-states",
    "bath-united-kingdom",
    "beijing-china",
    "hamburg-germany",
    "lyon-france",
    "srinagar-india",
    "mombasa-kenya",
    "kaunas-lithuania",
    "taghazout-morocco",
    "lagos-nigeria",
    "oslo-norway",
    "ko-chang-thailand",
    "salt-lake-city-ut-united-states",
    "anchorage-ak-united-states",
    "mcallen-tx-united-states",
    "rouen-france",
    "innsbruck-austria",
    "victoria-canada",
    "kuta-lombok-indonesia",
    "cork-ireland",
    "daegu-south-korea",
    "sliema-malta",
    "lake-tahoe-ca-united-states",
    "andorra-la-vella-andorra",
    "trancoso-brazil",
    "fortaleza-brazil",
    "bandung-indonesia",
    "riga-latvia",
    "san-miguel-de-allende-mexico",
    "daytona-beach-fl-united-states",
    "napa-ca-united-states",
    "worcester-ma-united-states",
    "portland-me-united-states",
    "nassau-the-bahamas",
    "yaounde-cameroon",
    "dresden-germany",
    "trieste-italy",
    "deventer-netherlands",
    "harare-zimbabwe",
    "bari-italy",
    "wanaka-new-zealand",
    "tamarindo-costa-rica",
    "malaga-spain",
    "biarritz-france",
    "lake-como-italy",
    "colombo-sri-lanka",
    "essaouira-morocco",
    "guadalajara-mexico",
    "nha-trang-vietnam",
    "sarajevo-bosnia",
    "joao-pessoa-brazil",
    "itajai-brazil",
    "edmonton-canada",
    "chania-crete-greece",
    "delhi-india",
    "george-town-cayman-islands",
    "langkawi-malaysia",
    "iasi-romania",
    "victoria-seychelles",
    "brussels-belgium",
    "campinas-brazil",
    "geneva-switzerland",
    "cologne-germany",
    "nantes-france",
    "guatemala-city-guatemala",
    "hvar-croatia",
    "arugam-bay-sri-lanka",
    "podgorica-montenegro",
    "jeddah-saudi-arabia",
    "izmir-turkey",
    "laredo-tx-united-states",
    "khulna-bangladesh",
    "manama-bahrain",
    "pipa-brazil",
    "avignon-france",
    "osijek-croatia",
    "surabaya-indonesia",
    "sinuiju-north-korea",
    "hue-vietnam",
    "banff-canada",
    "ushuaia-argentina",
    "santa-cruz-bolivia",
    "bordeaux-france",
    "gili-trawangan-indonesia",
    "jakarta-indonesia",
    "gwangju-south-korea",
    "kandy-sri-lanka",
    "merida-mexico",
    "general-santos-philippines",
    "brownsville-tx-united-states",
    "jonesboro-ar-united-states",
    "mission-tx-united-states",
    "mancora-peru",
    "antwerp-belgium",
    "interlaken-switzerland",
    "shenzhen-china",
    "florence-italy",
    "kanazawa-japan",
    "rabat-morocco",
    "tulsa-ok-united-states",
    "pharr-tx-united-states",
    "baguio-philippines",
    "la-plata-argentina",
    "calgary-canada",
    "stuttgart-germany",
    "jimbaran-bali-indonesia",
    "texel-netherlands",
    "kampala-uganda",
    "washington-dc-united-states",
    "ninh-binh-vietnam",
    "livingstone-zambia",
    "killeen-tx-united-states",
    "tyler-tx-united-states",
    "yuma-az-united-states",
    "gori-georgia",
    "chittagong-bangladesh",
    "grande-prairie-canada",
    "surrey-canada",
    "changzhou-china",
    "xi-an-china",
    "hof-germany",
    "pamplona-spain",
    "rimini-italy",
    "nara-japan",
    "chisinau-moldova",
    "kuching-malaysia",
    "arequipa-peru",
    "katowice-poland",
    "albufeira-portugal",
    "valparaiso-chile",
    "salvador-brazil",
    "urumqi-china",
    "macau-china",
    "chengdu-china",
    "amalfi-italy",
    "johor-bahru-malaysia",
    "port-moresby-papua-new-guinea",
    "constanta-romania",
    "st-louis-mo-united-states",
    "orlando-fl-united-states",
    "pretoria-south-africa",
    "evansville-in-united-states",
    "rosario-argentina",
    "lethbridge-canada",
    "abbotsford-canada",
    "regina-canada",
    "guayaquil-ecuador",
    "granada-spain",
    "espoo-finland",
    "montpellier-france",
    "belfast-united-kingdom",
    "aberdeen-united-kingdom",
    "basse-terre-guadeloupe",
    "malang-indonesia",
    "lucca-italy",
    "nagoya-japan",
    "cozumel-mexico",
    "malmo-sweden",
    "syracuse-ny-united-states",
    "edinburg-tx-united-states",
    "harlingen-tx-united-states",
    "scranton-pa-united-states",
    "banja-luka-bosnia",
    "sao-jose-dos-campos-brazil",
    "san-pedro-belize",
    "huainan-china",
    "nicosia-cyprus",
    "javea-spain",
    "surat-india",
    "conroe-tx-united-states",
    "corpus-christi-tx-united-states",
    "macon-ga-united-states",
    "sorocaba-brazil",
    "yiwu-china",
    "shantou-china",
    "varanasi-india",
    "klaipeda-lithuania",
    "bedford-oh-united-states",
    "kansas-city-mo-united-states",
    "jacksonville-fl-united-states",
    "raleigh-nc-united-states",
    "las-cruces-nm-united-states",
    "roanoke-va-united-states",
    "salem-or-united-states",
    "st-cloud-mn-united-states",
    "oregon-city-or-united-states",
    "san-sebastian-spain",
    "kotor-montenegro",
    "bandar-seri-begawan-brunei",
    "el-alto-bolivia",
    "hull-united-kingdom",
    "palembang-sumatra-indonesia",
    "noida-india",
    "agra-india",
    "thane-india",
    "amritsar-india",
    "nairobi-kenya",
    "monaco-monaco",
    "kaduna-nigeria",
    "kano-nigeria",
    "benin-city-nigeria",
    "managua-nicaragua",
    "cleveland-oh-united-states",
    "indianapolis-in-united-states",
    "madison-wi-united-states",
    "da-lat-vietnam",
    "north-little-rock-ar-united-states",
    "springdale-ar-united-states",
    "valdosta-ga-united-states",
    "warner-robins-ga-united-states",
    "grand-island-ne-united-states",
    "qingdao-china",
    "praia-cape-verde",
    "turku-finland",
    "pune-india",
    "rome-italy",
    "windhoek-namibia",
    "ibadan-nigeria",
    "leeuwarden-netherlands",
    "kinmen-taiwan",
    "flagstaff-az-united-states",
    "norfolk-va-united-states",
    "fort-lauderdale-fl-united-states",
    "knoxville-tn-united-states",
    "mui-ne-vietnam",
    "eau-claire-wi-united-states",
    "enid-ok-united-states",
    "kingsport-tn-united-states",
    "owensboro-ky-united-states",
    "larnaca-cyprus",
    "bay-islands-honduras",
    "sa-pa-vietnam",
    "luanda-angola",
    "adelaide-australia",
    "hobart-australia",
    "kralendijk-caribbean-netherlands",
    "brazzaville-congo",
    "cixi-china",
    "cali-colombia",
    "pekanbaru-sumatra-indonesia",
    "cirebon-indonesia",
    "gurgaon-india",
    "cagliari-italy",
    "tijuana-mexico",
    "chico-ca-united-states",
    "sacramento-ca-united-states",
    "milwaukee-wi-united-states",
    "houston-tx-united-states",
    "burlington-nc-united-states",
    "dothan-al-united-states",
    "elkhart-in-united-states",
    "fayetteville-nc-united-states",
    "fort-smith-ar-united-states",
    "idaho-falls-id-united-states",
    "sioux-falls-sd-united-states",
    "waterloo-ia-united-states",
    "casper-wy-united-states",
    "wollongong-australia",
    "foz-do-iguacu-brazil",
    "guelph-canada",
    "yinchuan-china",
    "hefei-china",
    "fuzhou-china",
    "harbin-china",
    "sao-vicente-cape-verde",
    "giza-egypt",
    "yogyakarta-indonesia",
    "puerto-escondido-mexico",
    "malacca-malaysia",
    "udon-thani-thailand",
    "riverside-ca-united-states",
    "fargo-nd-united-states",
    "albuquerque-nm-united-states",
    "aurora-il-united-states",
    "bowling-green-ky-united-states",
    "columbus-ga-united-states",
    "decatur-il-united-states",
    "kokomo-in-united-states",
    "lancaster-ca-united-states",
    "muncie-in-united-states",
    "port-arthur-tx-united-states",
    "sioux-city-ia-united-states",
    "victorville-ca-united-states",
    "enterprise-nv-united-states",
    "lincoln-ne-united-states",
    "isla-mujeres-mexico",
    "sao-luis-brazil",
    "anapolis-brazil",
    "oshawa-canada",
    "brampton-canada",
    "hohhot-china",
    "changshu-china",
    "shijiazhuang-china",
    "nanchang-china",
    "san-jose-costa-rica",
    "dusseldorf-germany",
    "amed-bali-indonesia",
    "yokohama-japan",
    "nagasaki-japan",
    "aguascalientes-mexico",
    "rotterdam-netherlands",
    "cusco-peru",
    "ko-phi-phi-thailand",
    "baltimore-md-united-states",
    "champaign-il-united-states",
    "elgin-il-united-states",
    "hesperia-ca-united-states",
    "hoover-al-united-states",
    "lawrence-ks-united-states",
    "longview-tx-united-states",
    "rochester-mn-united-states",
    "winston-nc-united-states",
    "graz-austria",
    "st-georges-grenada",
    "campos-dos-goytacazes-brazil",
    "kisangani-dr-congo",
    "la-serena-chile",
    "lanzhou-china",
    "jiangmen-china",
    "huizhou-china",
    "quanzhou-china",
    "jiamusi-china",
    "dongguan-china",
    "wuhan-china",
    "tianjin-china",
    "hagen-germany",
    "jena-germany",
    "algiers-algeria",
    "dahab-egypt",
    "paris-france",
    "cambridge-united-kingdom",
    "mataram-lombok-indonesia",
    "toluca-mexico",
    "puerto-vallarta-mexico",
    "hermosillo-mexico",
    "provo-ut-united-states",
    "apia-samoa",
    "davenport-ia-united-states",
    "fort-wayne-in-united-states",
    "grand-junction-co-united-states",
    "medford-or-united-states",
    "merced-ca-united-states",
    "palm-bay-fl-united-states",
    "palm-coast-fl-united-states",
    "rockford-il-united-states",
    "victoria-tx-united-states",
    "iquique-chile",
    "kearney-ne-united-states",
    "panajachel-guatemala",
    "san-ignacio-belize",
    "mamaia-romania",
    "campo-grande-brazil",
    "baotou-china",
    "kunshan-china",
    "cartagena-colombia",
    "libreville-gabon",
    "birmingham-united-kingdom",
    "cavtat-croatia",
    "surakarta-indonesia",
    "dublin-ireland",
    "sendai-japan",
    "kagoshima-japan",
    "duhok-kurdistan",
    "antananarivo-madagascar",
    "la-paz-mexico",
    "ankara-turkey",
    "augusta-ga-united-states",
    "flint-mi-united-states",
    "gulfport-ms-united-states",
    "johnson-city-tn-united-states",
    "logan-ut-united-states",
    "porterville-ca-united-states",
    "st-joseph-mo-united-states",
    "grand-forks-nd-united-states",
    "cody-wy-united-states",
    "san-pedro-de-atacama-chile",
    "leuven-belgium",
    "kunming-china",
    "huaibei-china",
    "jinan-china",
    "taizhou-china",
    "pasto-colombia",
    "dortmund-germany",
    "oulu-finland",
    "toulouse-france",
    "chandigarh-india",
    "leon-nicaragua",
    "boracay-philippines",
    "rochester-ny-united-states",
    "philadelphia-pa-united-states",
    "port-elizabeth-south-africa",
    "allentown-pa-united-states",
    "apple-valley-ca-united-states",
    "cedar-rapids-ia-united-states",
    "college-station-tx-united-states",
    "hemet-ca-united-states",
    "jacksonville-nc-united-states",
    "lake-charles-la-united-states",
    "lawton-ok-united-states",
    "little-rock-ar-united-states",
    "manteca-ca-united-states",
    "savannah-ga-united-states",
    "temple-tx-united-states",
    "tracy-ca-united-states",
    "turlock-ca-united-states",
    "visalia-ca-united-states",
    "youngstown-oh-united-states",
    "cordoba-spain",
    "lexington-ky-united-states",
    "huambo-angola",
    "darwin-australia",
    "kelowna-canada",
    "bern-switzerland",
    "foshan-china",
    "anyang-china",
    "changchun-china",
    "zhoukou-china",
    "weifang-china",
    "sumperk-czechia",
    "chamonix-france",
    "dijon-france",
    "lucknow-india",
    "kirkuk-kurdistan",
    "san-juan-del-sur-nicaragua",
    "wichita-ks-united-states",
    "boston-ma-united-states",
    "ashland-or-united-states",
    "bismarck-nd-united-states",
    "bryan-tx-united-states",
    "corvallis-or-united-states",
    "dubuque-ia-united-states",
    "lafayette-la-united-states",
    "modesto-ca-united-states",
    "oshkosh-wi-united-states",
    "springfield-il-united-states",
    "tallahassee-fl-united-states",
    "terre-haute-in-united-states",
    "tulare-ca-united-states",
    "waco-tx-united-states",
    "minot-nd-united-states",
    "mobile-al-united-states",
    "douala-cameroon",
    "zhuzhou-china",
    "huaian-china",
    "jilin-china",
    "nanyang-china",
    "aalborg-denmark",
    "boumerdas-algeria",
    "constantine-algeria",
    "luxor-egypt",
    "suwon-south-korea",
    "el-jadida-morocco",
    "male-maldives",
    "freetown-sierra-leone",
    "bridgeton-mo-united-states",
    "birmingham-al-united-states",
    "lake-havasu-city-az-united-states",
    "lodi-ca-united-states",
    "melbourne-fl-united-states",
    "rapid-city-sd-united-states",
    "utica-ny-united-states",
    "weston-fl-united-states",
    "yuba-city-ca-united-states",
    "san-pedro-sula-honduras",
    "moncton-canada",
    "liuzhou-china",
    "dongying-china",
    "shenyang-china",
    "fushun-china",
    "linyi-china",
    "suzhou-china",
    "bielefeld-germany",
    "menorca-spain",
    "reading-united-kingdom",
    "conakry-guinea",
    "meerut-india",
    "durg-india",
    "ahmedabad-india",
    "okayama-japan",
    "scottsdale-az-united-states",
    "beacon-ny-united-states",
    "huntsville-al-united-states",
    "maracaibo-venezuela",
    "anderson-in-united-states",
    "carlsbad-ca-united-states",
    "clarksville-tn-united-states",
    "delano-ca-united-states",
    "kennewick-wa-united-states",
    "lansing-mi-united-states",
    "palmdale-ca-united-states",
    "peoria-il-united-states",
    "pocatello-id-united-states",
    "bellevue-ne-united-states",
    "nanning-china",
    "lianyungang-china",
    "wenling-china",
    "dalian-china",
    "southampton-united-kingdom",
    "georgetown-guyana",
    "tegucigalpa-honduras",
    "mysore-india",
    "jamshedpur-india",
    "sapporo-japan",
    "lilongwe-malawi",
    "san-luis-potosi-mexico",
    "onitsha-nigeria",
    "nijmegen-netherlands",
    "dunedin-new-zealand",
    "multan-pakistan",
    "cascais-portugal",
    "san-jose-ca-united-states",
    "maracay-venezuela",
    "billings-mt-united-states",
    "casa-grande-az-united-states",
    "columbia-mo-united-states",
    "joliet-il-united-states",
    "la-crosse-wi-united-states",
    "sandpoint-id-united-states",
    "mbuji-mayi-dr-congo",
    "xining-china",
    "guiyang-china",
    "limassol-cyprus",
    "leicester-united-kingdom",
    "banjul-gambia",
    "port-au-prince-haiti",
    "kalyan-india",
    "madurai-india",
    "bareilly-india",
    "dhanbad-india",
    "naples-italy",
    "turin-italy",
    "genoa-italy",
    "casablanca-morocco",
    "zaria-nigeria",
    "trondheim-norway",
    "rzeszow-poland",
    "lome-togo",
    "funafuti-tuvalu",
    "monterey-ca-united-states",
    "gainesville-fl-united-states",
    "beaumont-tx-united-states",
    "conway-ar-united-states",
    "odessa-tx-united-states",
    "rogers-ar-united-states",
    "vineland-nj-united-states",
    "waukegan-il-united-states",
    "wilmington-nc-united-states",
    "yakima-wa-united-states",
    "great-falls-mt-united-states",
    "kassel-germany",
    "uberlandia-brazil",
    "lubumbashi-dr-congo",
    "zhongshan-china",
    "zhangjiakou-china",
    "xuzhou-china",
    "portsmouth-united-kingdom",
    "hubli-india",
    "kollam-india",
    "raipur-india",
    "palermo-italy",
    "bologna-italy",
    "bergen-norway",
    "ko-tao-thailand",
    "richmond-va-united-states",
    "ann-arbor-mi-united-states",
    "albany-or-united-states",
    "bradenton-fl-united-states",
    "fort-myers-fl-united-states",
    "janesville-wi-united-states",
    "oceanside-ca-united-states",
    "stockton-ca-united-states",
    "antofagasta-chile",
    "almere-netherlands",
    "belize-city-belize",
    "st-catharines-canada",
    "abidjan-cote-divoire",
    "avarua-cook-islands",
    "luoyang-china",
    "shaoxing-china",
    "qiqihar-china",
    "aarhus-denmark",
    "quito-ecuador",
    "gwalior-india",
    "jabalpur-india",
    "ludhiana-india",
    "faisalabad-pakistan",
    "dakar-senegal",
    "bethlehem-pa-united-states",
    "bossier-city-la-united-states",
    "ocala-fl-united-states",
    "schenectady-ny-united-states",
    "san-cristobal-de-las-casas-mexico",
    "belem-brazil",
    "barrie-canada",
    "wuxi-china",
    "zhengzhou-china",
    "lanzarote-canary-islands-spain",
    "huddersfield-united-kingdom",
    "kannur-india",
    "moradabad-india",
    "thrissur-india",
    "indore-india",
    "sihanoukville-cambodia",
    "luxembourg-luxembourg",
    "alesund-norway",
    "sialkot-pakistan",
    "key-west-fl-united-states",
    "omaha-ne-united-states",
    "auburn-al-united-states",
    "high-point-nc-united-states",
    "jackson-tn-united-states",
    "pasco-wa-united-states",
    "rocky-mount-nc-united-states",
    "shreveport-la-united-states",
    "spokane-wa-united-states",
    "wichita-falls-tx-united-states",
    "sparks-nv-united-states",
    "beaverton-or-united-states",
    "pensacola-fl-united-states",
    "dhaka-bangladesh",
    "fredericton-canada",
    "chatham-canada",
    "kananga-dr-congo",
    "zhanjiang-china",
    "taiyuan-china",
    "zibo-china",
    "putian-china",
    "coventry-united-kingdom",
    "aligarh-india",
    "allahabad-india",
    "kozhikode-india",
    "guwahati-india",
    "eindhoven-netherlands",
    "bahawalpur-pakistan",
    "gujranwala-pakistan",
    "taichung-taiwan",
    "baton-rouge-la-united-states",
    "appleton-wi-united-states",
    "centennial-co-united-states",
    "lynchburg-va-united-states",
    "manhattan-ks-united-states",
    "murrieta-ca-united-states",
    "temecula-ca-united-states",
    "sarande-albania",
    "zhuhai-china",
    "zhucheng-china",
    "yantai-china",
    "tebessa-algeria",
    "cairo-egypt",
    "glasgow-united-kingdom",
    "kota-india",
    "malappuram-india",
    "thiruvananthapuram-india",
    "asansol-india",
    "saint-helier-jersey",
    "tsushima-island-japan",
    "maseru-lesotho",
    "niamey-niger",
    "tromso-norway",
    "comporta-portugal",
    "hua-hin-thailand",
    "stamford-ct-united-states",
    "fairfax-va-united-states",
    "kauai-hawaii-united-states",
    "bakersfield-ca-united-states",
    "bonita-springs-fl-united-states",
    "fairfield-ca-united-states",
    "normal-il-united-states",
    "reading-pa-united-states",
    "topeka-ks-united-states",
    "vista-ca-united-states",
    "copan-honduras",
    "waterloo-canada",
    "mar-del-plata-argentina",
    "byron-bay-australia",
    "itapema-brazil",
    "lugano-switzerland",
    "guilin-china",
    "yichang-china",
    "xiangtan-china",
    "port-said-egypt",
    "marbella-spain",
    "seville-spain",
    "jyvaskyla-finland",
    "kumasi-ghana",
    "ranchi-india",
    "bhopal-india",
    "bhubaneswar-india",
    "quetta-pakistan",
    "mountain-view-ca-united-states",
    "princeton-nj-united-states",
    "hilo-hawaii-united-states",
    "duluth-mn-united-states",
    "joplin-mo-united-states",
    "richland-wa-united-states",
    "missoula-mt-united-states",
    "intag-valley-ecuador",
    "zunyi-china",
    "xiamen-china",
    "tangshan-china",
    "exeter-united-kingdom",
    "vasai-india",
    "kanpur-india",
    "ube-japan",
    "pyongyang-north-korea",
    "vientiane-laos",
    "scheveningen-netherlands",
    "brentwood-ca-united-states",
    "frederick-md-united-states",
    "green-bay-wi-united-states",
    "greenville-sc-united-states",
    "san-angelo-tx-united-states",
    "henderson-nv-united-states",
    "nago-okinawa-japan",
    "canberra-australia",
    "wuhu-china",
    "oran-algeria",
    "marseille-france",
    "york-united-kingdom",
    "vijayawada-india",
    "kitakyushu-japan",
    "san-mateo-ca-united-states",
    "soweto-south-africa",
    "iowa-city-ia-united-states",
    "verdi-nv-united-states",
    "nantong-china",
    "varkala-india",
    "coimbatore-india",
    "wonsan-north-korea",
    "kuwait-city-kuwait",
    "zandvoort-netherlands",
    "port-of-spain-trinidad-and-tobago",
    "menlo-park-ca-united-states",
    "charleston-sc-united-states",
    "port-st-lucie-fl-united-states",
    "trier-germany",
    "helena-mt-united-states",
    "revelstoke-canada",
    "chifeng-china",
    "modena-italy",
    "ulaanbaatar-mongolia",
    "konya-turkey",
    "salem-ma-united-states",
    "ithaca-ny-united-states",
    "new-haven-ct-united-states",
    "charlotte-nc-united-states",
    "kenosha-wi-united-states",
    "cheyenne-wy-united-states",
    "minca-colombia",
    "torshavn-faroe-islands-denmark",
    "zhangjiagang-china",
    "rajkot-india",
    "kamiyama-japan",
    "breda-netherlands",
    "zwolle-netherlands",
    "peshawar-pakistan",
    "karachi-pakistan",
    "dushanbe-tajikistan",
    "bridgeport-ct-united-states",
    "bloomington-il-united-states",
    "canton-oh-united-states",
    "cape-coral-fl-united-states",
    "san-clemente-ca-united-states",
    "santa-maria-ca-united-states",
    "bozeman-mt-united-states",
    "yamoussoukro-cote-divoire",
    "qinhuangdao-china",
    "havana-cuba",
    "punta-cana-dominican-republic",
    "northampton-united-kingdom",
    "king-edward-point-south-georgia-and-the-south-sandwich-islands",
    "tirupur-india",
    "kaesong-north-korea",
    "haarlem-netherlands",
    "philipsburg-sint-maarten",
    "ao-nang-thailand",
    "abilene-tx-united-states",
    "greensboro-nc-united-states",
    "marysville-wa-united-states",
    "treviso-italy",
    "monrovia-liberia",
    "park-city-ut-united-states",
    "west-palm-beach-fl-united-states",
    "cathedral-city-ca-united-states",
    "lubbock-tx-united-states",
    "olympia-wa-united-states",
    "palm-desert-ca-united-states",
    "petaluma-ca-united-states",
    "spokane-valley-wa-united-states",
    "abu-dhabi-united-arab-emirates",
    "wenzhou-china",
    "ibiza-spain",
    "monza-italy",
    "milan-italy",
    "nouakchott-mauritania",
    "tulum-mexico",
    "dammam-saudi-arabia",
    "bloomington-in-united-states",
    "detroit-mi-united-states",
    "harrisonburg-va-united-states",
    "indio-ca-united-states",
    "eugene-or-united-states",
    "arendal-norway",
    "rovaniemi-finland",
    "ruian-china",
    "jiaxing-china",
    "avellino-italy",
    "juarez-mexico",
    "mexicali-mexico",
    "noumea-new-caledonia",
    "rawalpindi-pakistan",
    "nashua-nh-united-states",
    "st-gallen-switzerland",
    "hamilton-bermuda",
    "whistler-canada",
    "kinshasa-dr-congo",
    "yangzhou-china",
    "hamamatsu-japan",
    "kaechon-north-korea",
    "tilburg-netherlands",
    "kigali-rwanda",
    "road-town-british-virgin-islands",
    "galveston-tx-united-states",
    "sarasota-fl-united-states",
    "fort-mcmurray-canada",
    "puning-china",
    "zhangzhou-china",
    "dededo-guam",
    "verona-italy",
    "dili-east-timor",
    "caracas-venezuela",
    "plantation-fl-united-states",
    "port-orange-fl-united-states",
    "shrewsbury-united-kingdom",
    "galway-ireland",
    "tanchon-north-korea",
    "ko-lipe-thailand",
    "midland-tx-united-states",
    "pueblo-co-united-states",
    "tuscaloosa-al-united-states",
    "carson-city-nv-united-states",
    "santa-teresa-costa-rica",
    "amundsen-scott-antarctica",
    "mcmurdo-station-antarctica",
    "stanley-falkland-islands",
    "brighton-united-kingdom",
    "gibraltar-gibraltar",
    "ferrara-italy",
    "accra-ghana",
    "jamestown-saint-helena",
    "incline-village-nv-united-states",
    "taos-nm-united-states",
    "ouagadougou-burkina-faso",
    "tarifa-spain",
    "kuta-bali-indonesia",
    "chongjin-north-korea",
    "nukualofa-tonga",
    "anshan-china",
    "cheltenham-united-kingdom",
    "changsha-china",
    "erbil-kurdistan",
    "medina-saudi-arabia",
    "laayoune-western-sahara",
    "bilbao-spain",
    "budva-montenegro",
    "mecca-saudi-arabia",
    "bridgetown-barbados",
    "djibouti-djibouti",
    "ajaccio-corsica-france",
    "sayulita-mexico",
    "lelystad-netherlands",
    "guanajuato-mexico",
    "tengzhou-china",
    "barranquilla-colombia",
    "hamhung-north-korea",
    "honiara-solomon-islands",
    "charlotte-amalie-united-states-virgin-islands",
    "dorobo-japan",
    "huzhou-china",
    "trento-italy",
    "vatican-city-vatican-city",
    "xiangyang-china",
    "nuuk-greenland",
    "nampo-north-korea",
    "sariwon-north-korea",
    "weihai-china",
    "ashgabat-turkmenistan",
    "cabo-san-lucas-mexico",
    "siena-italy",
    "port-vila-vanuatu",
    "cayenne-french-guiana",
    "st-johns-antigua-and-barbuda",
    "martinique-martinique",
    "doha-qatar",
    "el-calafate-argentina",
    "ndjamena-chad",
    "tabarana-do-norte-brazil",
    "volgograd-russia",
    "sochi-russia",
    "novocherkassk-russia",
    "kabul-afghanistan",
    "minsk-belarus",
    "bangui-central-african-republic",
    "asmara-eritrea",
    "addis-ababa-ethiopia",
    "beersheba-israel",
    "haifa-israel",
    "tel-aviv-israel",
    "jerusalem-israel",
    "basra-iraq",
    "baghdad-iraq",
    "mosul-iraq",
    "tabriz-iran",
    "ahvaz-iran",
    "qom-iran",
    "isfahan-iran",
    "shiraz-iran",
    "tehran-iran",
    "mashhad-iran",
    "beirut-lebanon",
    "tripoli-libya",
    "benghazi-libya",
    "bamako-mali",
    "mandalay-myanmar",
    "naypyidaw-myanmar",
    "yangon-myanmar",
    "maputo-mozambique",
    "ramallah-palestine",
    "omsk-russia",
    "vladivostok-russia",
    "novosibirsk-russia",
    "tomsk-russia",
    "krasnoyarsk-russia",
    "rostov-on-don-russia",
    "ulyanovsk-russia",
    "saint-petersburg-russia",
    "obninsk-russia",
    "moscow-russia",
    "saratov-russia",
    "kazan-russia",
    "samara-russia",
    "ufa-russia",
    "kaliningrad-russia",
    "krasnodar-russia",
    "nizhny-russia",
    "izhevsk-russia",
    "yekaterinburg-russia",
    "chelyabinsk-russia",
    "khartoum-sudan",
    "mogadishu-somalia",
    "juba-south-sudan",
    "homs-syria",
    "aleppo-syria",
    "hama-syria",
    "damascus-syria",
    "dar-es-salaam-tanzania",
    "lviv-ukraine",
    "ivano-frankivsk-ukraine",
    "kyiv-ukraine",
    "dnipro-ukraine",
    "krivoy-rog-ukraine",
    "kharkiv-ukraine",
    "odessa-ukraine",
    "sanaa-yemen"
  ]
}